41, 
"SOURCEBUS.1", 0.3877659832 , +j -1003.102128 ,-0.1938829916, +j 1.551063933  ,-0.1938829916, +j 1.551063933  ,0            , +j 0            ,0            , +j 0            ,0            , +j 0            ,0            , +j 0            ,0            , +j 0            ,0            , +j 0            ,0            , +j 0            ,0            , +j 0            ,0            , +j 0            ,0            , +j 0            ,0            , +j 0            ,0            , +j 0            ,0            , +j 0            ,0            , +j 0            ,0            , +j 0            ,0            , +j 0            ,0            , +j 0            ,0            , +j 0            ,0            , +j 0            ,-9.283352669 , +j 74.26682135  ,9.283352669  , +j -74.26682135 ,0            , +j 0            ,0            , +j 0            ,0            , +j 0            ,0            , +j 0            ,0            , +j 0            ,0            , +j 0            ,0            , +j 0            ,0            , +j 0            ,0            , +j 0            ,0            , +j 0            ,0            , +j 0            ,0            , +j 0            ,0            , +j 0            ,0            , +j 0            ,0            , +j 0            ,0            , +j 0            ,0            , +j 0            ,
"SOURCEBUS.2", -0.1938829916, +j 1.551063933  ,0.3877659832 , +j -1003.102128 ,-0.1938829916, +j 1.551063933  ,0            , +j 0            ,0            , +j 0            ,0            , +j 0            ,0            , +j 0            ,0            , +j 0            ,0            , +j 0            ,0            , +j 0            ,0            , +j 0            ,0            , +j 0            ,0            , +j 0            ,0            , +j 0            ,0            , +j 0            ,0            , +j 0            ,0            , +j 0            ,0            , +j 0            ,0            , +j 0            ,0            , +j 0            ,0            , +j 0            ,0            , +j 0            ,0            , +j 0            ,-9.283352669 , +j 74.26682135  ,9.283352669  , +j -74.26682135 ,0            , +j 0            ,0            , +j 0            ,0            , +j 0            ,0            , +j 0            ,0            , +j 0            ,0            , +j 0            ,0            , +j 0            ,0            , +j 0            ,0            , +j 0            ,0            , +j 0            ,0            , +j 0            ,0            , +j 0            ,0            , +j 0            ,0            , +j 0            ,0            , +j 0            ,0            , +j 0            ,
"SOURCEBUS.3", -0.1938829916, +j 1.551063933  ,-0.1938829916, +j 1.551063933  ,0.3877659832 , +j -1003.102128 ,0            , +j 0            ,0            , +j 0            ,0            , +j 0            ,0            , +j 0            ,0            , +j 0            ,0            , +j 0            ,0            , +j 0            ,0            , +j 0            ,0            , +j 0            ,0            , +j 0            ,0            , +j 0            ,0            , +j 0            ,0            , +j 0            ,0            , +j 0            ,0            , +j 0            ,0            , +j 0            ,0            , +j 0            ,0            , +j 0            ,0            , +j 0            ,9.283352669  , +j -74.26682135 ,0            , +j 0            ,-9.283352669 , +j 74.26682135  ,0            , +j 0            ,0            , +j 0            ,0            , +j 0            ,0            , +j 0            ,0            , +j 0            ,0            , +j 0            ,0            , +j 0            ,0            , +j 0            ,0            , +j 0            ,0            , +j 0            ,0            , +j 0            ,0            , +j 0            ,0            , +j 0            ,0            , +j 0            ,0            , +j 0            ,0            , +j 0            ,
"RG60.1", 0            , +j 0            ,0            , +j 0            ,0            , +j 0            ,1447.751703  , +j -1449.962706 ,-0.6650845847, +j 1.381559122  ,-0.3729726301, +j 1.057044449  ,-1.571147595 , +j 3.782150027  ,0.6650845847 , +j -1.381559152 ,0.3729726301 , +j -1.057044479 ,0            , +j 0            ,0            , +j 0            ,0            , +j 0            ,0            , +j 0            ,0            , +j 0            ,0            , +j 0            ,0            , +j 0            ,0            , +j 0            ,0            , +j 0            ,0            , +j 0            ,0            , +j 0            ,0            , +j 0            ,0            , +j 0            ,-1446.180556 , +j 1446.180556  ,0            , +j 0            ,0            , +j 0            ,0            , +j 0            ,0            , +j 0            ,0            , +j 0            ,0            , +j 0            ,0            , +j 0            ,0            , +j 0            ,0            , +j 0            ,0            , +j 0            ,0            , +j 0            ,0            , +j 0            ,0            , +j 0            ,0            , +j 0            ,0            , +j 0            ,0            , +j 0            ,0            , +j 0            ,0            , +j 0            ,
"RG60.2", 0            , +j 0            ,0            , +j 0            ,0            , +j 0            ,-0.6650845847, +j 1.381559122  ,1447.562904  , +j -1449.785464 ,-0.1865740747, +j 0.8266380239 ,0.6650845847 , +j -1.381559152 ,-1.382347961 , +j 3.604908326  ,0.1865740747 , +j -0.8266380537,0            , +j 0            ,0            , +j 0            ,0            , +j 0            ,0            , +j 0            ,0            , +j 0            ,0            , +j 0            ,0            , +j 0            ,0            , +j 0            ,0            , +j 0            ,0            , +j 0            ,0            , +j 0            ,0            , +j 0            ,0            , +j 0            ,0            , +j 0            ,-1446.180556 , +j 1446.180556  ,0            , +j 0            ,0            , +j 0            ,0            , +j 0            ,0            , +j 0            ,0            , +j 0            ,0            , +j 0            ,0            , +j 0            ,0            , +j 0            ,0            , +j 0            ,0            , +j 0            ,0            , +j 0            ,0            , +j 0            ,0            , +j 0            ,0            , +j 0            ,0            , +j 0            ,0            , +j 0            ,0            , +j 0            ,
"RG60.3", 0            , +j 0            ,0            , +j 0            ,0            , +j 0            ,-0.3729726301, +j 1.057044449  ,-0.1865740747, +j 0.8266380239 ,1447.407709  , +j -1449.597052 ,0.3729726301 , +j -1.057044479 ,0.1865740747 , +j -0.8266380537,-1.227153711 , +j 3.416496086  ,0            , +j 0            ,0            , +j 0            ,0            , +j 0            ,0            , +j 0            ,0            , +j 0            ,0            , +j 0            ,0            , +j 0            ,0            , +j 0            ,0            , +j 0            ,0            , +j 0            ,0            , +j 0            ,0            , +j 0            ,0            , +j 0            ,0            , +j 0            ,0            , +j 0            ,-1446.180556 , +j 1446.180556  ,0            , +j 0            ,0            , +j 0            ,0            , +j 0            ,0            , +j 0            ,0            , +j 0            ,0            , +j 0            ,0            , +j 0            ,0            , +j 0            ,0            , +j 0            ,0            , +j 0            ,0            , +j 0            ,0            , +j 0            ,0            , +j 0            ,0            , +j 0            ,0            , +j 0            ,0            , +j 0            ,
"632.1", 0            , +j 0            ,0            , +j 0            ,0            , +j 0            ,-1.571147595 , +j 3.782150027  ,0.6650845847 , +j -1.381559152 ,0.3729726301 , +j -1.057044479 ,13.11578563  , +j -22.48306879 ,-4.457952465 , +j 6.9858575    ,-3.981384611 , +j 5.758918408  ,-4.71108724  , +j 11.34077969  ,1.994256626  , +j -4.142606153 ,1.118358711  , +j -3.169548662 ,-6.833550791 , +j 7.360139295  ,1.798611255  , +j -1.461692242 ,2.49005327   , +j -1.532325315 ,0            , +j 0            ,0            , +j 0            ,0            , +j 0            ,0            , +j 0            ,0            , +j 0            ,0            , +j 0            ,0            , +j 0            ,0            , +j 0            ,0            , +j 0            ,0            , +j 0            ,0            , +j 0            ,0            , +j 0            ,0            , +j 0            ,0            , +j 0            ,0            , +j 0            ,0            , +j 0            ,0            , +j 0            ,0            , +j 0            ,0            , +j 0            ,0            , +j 0            ,0            , +j 0            ,0            , +j 0            ,0            , +j 0            ,0            , +j 0            ,0            , +j 0            ,0            , +j 0            ,
"632.2", 0            , +j 0            ,0            , +j 0            ,0            , +j 0            ,0.6650845847 , +j -1.381559152 ,-1.382347961 , +j 3.604908326  ,0.1865740747 , +j -0.8266380537,-4.457952465 , +j 6.9858575    ,16.72061567  , +j -25.72619037 ,-3.637283814 , +j 5.15565435   ,1.994256626  , +j -4.142606153 ,-4.144971399 , +j 10.80932032  ,0.5594425027 , +j -2.478674824 ,1.798611255  , +j -1.461692242 ,-6.165147343 , +j 7.423635251  ,1.365728494  , +j -1.406039509 ,1.525538743  , +j -0.4443020188,-5.028148967 , +j 3.888326733  ,0            , +j 0            ,0            , +j 0            ,0            , +j 0            ,0            , +j 0            ,0            , +j 0            ,0            , +j 0            ,0            , +j 0            ,0            , +j 0            ,0            , +j 0            ,0            , +j 0            ,0            , +j 0            ,0            , +j 0            ,0            , +j 0            ,0            , +j 0            ,0            , +j 0            ,0            , +j 0            ,0            , +j 0            ,0            , +j 0            ,0            , +j 0            ,0            , +j 0            ,0            , +j 0            ,0            , +j 0            ,0            , +j 0            ,0            , +j 0            ,
"632.3", 0            , +j 0            ,0            , +j 0            ,0            , +j 0            ,0.3729726301 , +j -1.057044479 ,0.1865740747 , +j -0.8266380537,-1.227153711 , +j 3.416496086  ,-3.981384611 , +j 5.758918408  ,-3.637283814 , +j 5.15565435   ,16.35155145  , +j -24.96566058 ,1.118358711  , +j -3.169548662 ,0.5594425027 , +j -2.478674824 ,-3.679621321 , +j 10.24436607  ,2.49005327   , +j -1.532325315 ,1.365728494  , +j -1.406039509 ,-6.441706274 , +j 7.390399576  ,-5.003070144 , +j 3.914399101  ,1.525538743  , +j -0.4443020188,0            , +j 0            ,0            , +j 0            ,0            , +j 0            ,0            , +j 0            ,0            , +j 0            ,0            , +j 0            ,0            , +j 0            ,0            , +j 0            ,0            , +j 0            ,0            , +j 0            ,0            , +j 0            ,0            , +j 0            ,0            , +j 0            ,0            , +j 0            ,0            , +j 0            ,0            , +j 0            ,0            , +j 0            ,0            , +j 0            ,0            , +j 0            ,0            , +j 0            ,0            , +j 0            ,0            , +j 0            ,0            , +j 0            ,0            , +j 0            ,
"670.1", 0            , +j 0            ,0            , +j 0            ,0            , +j 0            ,0            , +j 0            ,0            , +j 0            ,0            , +j 0            ,-4.71108724  , +j 11.34077969  ,1.994256626  , +j -4.142606153 ,1.118358711  , +j -3.169548662 ,4.714038629  , +j -11.34251575 ,-1.994256626 , +j 4.142606143  ,-1.118358711 , +j 3.169548652  ,0            , +j 0            ,0            , +j 0            ,0            , +j 0            ,0            , +j 0            ,0            , +j 0            ,0            , +j 0            ,0            , +j 0            ,0            , +j 0            ,0            , +j 0            ,0            , +j 0            ,0            , +j 0            ,0            , +j 0            ,0            , +j 0            ,0            , +j 0            ,0            , +j 0            ,0            , +j 0            ,0            , +j 0            ,0            , +j 0            ,0            , +j 0            ,0            , +j 0            ,0            , +j 0            ,0            , +j 0            ,0            , +j 0            ,0            , +j 0            ,0            , +j 0            ,0            , +j 0            ,0            , +j 0            ,0            , +j 0            ,0            , +j 0            ,
"670.2", 0            , +j 0            ,0            , +j 0            ,0            , +j 0            ,0            , +j 0            ,0            , +j 0            ,0            , +j 0            ,1.994256626  , +j -4.142606153 ,-4.144971399 , +j 10.80932032  ,0.5594425027 , +j -2.478674824 ,-1.994256626 , +j 4.142606143  ,4.156429732  , +j -10.81591749 ,-0.5594425027, +j 2.478674814  ,0            , +j 0            ,0            , +j 0            ,0            , +j 0            ,0            , +j 0            ,0            , +j 0            ,0            , +j 0            ,0            , +j 0            ,0            , +j 0            ,0            , +j 0            ,0            , +j 0            ,0            , +j 0            ,0            , +j 0            ,0            , +j 0            ,0            , +j 0            ,0            , +j 0            ,0            , +j 0            ,0            , +j 0            ,0            , +j 0            ,0            , +j 0            ,0            , +j 0            ,0            , +j 0            ,0            , +j 0            ,0            , +j 0            ,0            , +j 0            ,0            , +j 0            ,0            , +j 0            ,0            , +j 0            ,0            , +j 0            ,0            , +j 0            ,
"670.3", 0            , +j 0            ,0            , +j 0            ,0            , +j 0            ,0            , +j 0            ,0            , +j 0            ,0            , +j 0            ,1.118358711  , +j -3.169548662 ,0.5594425027 , +j -2.478674824 ,-3.679621321 , +j 10.24436607  ,-1.118358711 , +j 3.169548652  ,-0.5594425027, +j 2.478674814  ,3.699933821  , +j -10.25617158 ,0            , +j 0            ,0            , +j 0            ,0            , +j 0            ,0            , +j 0            ,0            , +j 0            ,0            , +j 0            ,0            , +j 0            ,0            , +j 0            ,0            , +j 0            ,0            , +j 0            ,0            , +j 0            ,0            , +j 0            ,0            , +j 0            ,0            , +j 0            ,0            , +j 0            ,0            , +j 0            ,0            , +j 0            ,0            , +j 0            ,0            , +j 0            ,0            , +j 0            ,0            , +j 0            ,0            , +j 0            ,0            , +j 0            ,0            , +j 0            ,0            , +j 0            ,0            , +j 0            ,0            , +j 0            ,0            , +j 0            ,0            , +j 0            ,
"633.1", 0            , +j 0            ,0            , +j 0            ,0            , +j 0            ,0            , +j 0            ,0            , +j 0            ,0            , +j 0            ,-6.833550791 , +j 7.360139295  ,1.798611255  , +j -1.461692242 ,2.49005327   , +j -1.532325315 ,0            , +j 0            ,0            , +j 0            ,0            , +j 0            ,7.443562687  , +j -8.469251815 ,-1.798611255 , +j 1.461692235  ,-2.49005327  , +j 1.532325307  ,0            , +j 0            ,0            , +j 0            ,0            , +j 0            ,0            , +j 0            ,-5.286769772 , +j 9.612308677  ,0            , +j 0            ,0            , +j 0            ,0            , +j 0            ,0            , +j 0            ,0            , +j 0            ,0            , +j 0            ,0            , +j 0            ,0            , +j 0            ,0            , +j 0            ,0            , +j 0            ,0            , +j 0            ,0            , +j 0            ,0            , +j 0            ,0            , +j 0            ,0            , +j 0            ,0            , +j 0            ,0            , +j 0            ,0            , +j 0            ,0            , +j 0            ,0            , +j 0            ,0            , +j 0            ,
"633.2", 0            , +j 0            ,0            , +j 0            ,0            , +j 0            ,0            , +j 0            ,0            , +j 0            ,0            , +j 0            ,1.798611255  , +j -1.461692242 ,-6.165147343 , +j 7.423635251  ,1.365728494  , +j -1.406039509 ,0            , +j 0            ,0            , +j 0            ,0            , +j 0            ,-1.798611255 , +j 1.461692235  ,6.77515924   , +j -8.53274777  ,-1.365728494 , +j 1.406039501  ,0            , +j 0            ,0            , +j 0            ,0            , +j 0            ,0            , +j 0            ,0            , +j 0            ,-5.286769772 , +j 9.612308677  ,0            , +j 0            ,0            , +j 0            ,0            , +j 0            ,0            , +j 0            ,0            , +j 0            ,0            , +j 0            ,0            , +j 0            ,0            , +j 0            ,0            , +j 0            ,0            , +j 0            ,0            , +j 0            ,0            , +j 0            ,0            , +j 0            ,0            , +j 0            ,0            , +j 0            ,0            , +j 0            ,0            , +j 0            ,0            , +j 0            ,0            , +j 0            ,0            , +j 0            ,
"633.3", 0            , +j 0            ,0            , +j 0            ,0            , +j 0            ,0            , +j 0            ,0            , +j 0            ,0            , +j 0            ,2.49005327   , +j -1.532325315 ,1.365728494  , +j -1.406039509 ,-6.441706274 , +j 7.390399576  ,0            , +j 0            ,0            , +j 0            ,0            , +j 0            ,-2.49005327  , +j 1.532325307  ,-1.365728494 , +j 1.406039501  ,7.05171817   , +j -8.499512095 ,0            , +j 0            ,0            , +j 0            ,0            , +j 0            ,0            , +j 0            ,0            , +j 0            ,0            , +j 0            ,-5.286769772 , +j 9.612308677  ,0            , +j 0            ,0            , +j 0            ,0            , +j 0            ,0            , +j 0            ,0            , +j 0            ,0            , +j 0            ,0            , +j 0            ,0            , +j 0            ,0            , +j 0            ,0            , +j 0            ,0            , +j 0            ,0            , +j 0            ,0            , +j 0            ,0            , +j 0            ,0            , +j 0            ,0            , +j 0            ,0            , +j 0            ,0            , +j 0            ,0            , +j 0            ,
"645.3", 0            , +j 0            ,0            , +j 0            ,0            , +j 0            ,0            , +j 0            ,0            , +j 0            ,0            , +j 0            ,0            , +j 0            ,1.525538743  , +j -0.4443020188,-5.003070144 , +j 3.914399101  ,0            , +j 0            ,0            , +j 0            ,0            , +j 0            ,0            , +j 0            ,0            , +j 0            ,0            , +j 0            ,13.34152038  , +j -10.43839755 ,-4.068103313 , +j 1.184805372  ,-8.33845024  , +j 6.523998501  ,2.542564571  , +j -0.7405033647,0            , +j 0            ,0            , +j 0            ,0            , +j 0            ,0            , +j 0            ,0            , +j 0            ,0            , +j 0            ,0            , +j 0            ,0            , +j 0            ,0            , +j 0            ,0            , +j 0            ,0            , +j 0            ,0            , +j 0            ,0            , +j 0            ,0            , +j 0            ,0            , +j 0            ,0            , +j 0            ,0            , +j 0            ,0            , +j 0            ,0            , +j 0            ,0            , +j 0            ,0            , +j 0            ,0            , +j 0            ,
"645.2", 0            , +j 0            ,0            , +j 0            ,0            , +j 0            ,0            , +j 0            ,0            , +j 0            ,0            , +j 0            ,0            , +j 0            ,-5.028148967 , +j 3.888326733  ,1.525538743  , +j -0.4443020188,0            , +j 0            ,0            , +j 0            ,0            , +j 0            ,0            , +j 0            ,0            , +j 0            ,0            , +j 0            ,-4.068103313 , +j 1.184805372  ,13.43791113  , +j -10.39057262 ,2.542564571  , +j -0.7405033647,-8.380248278 , +j 6.480544555  ,0            , +j 0            ,0            , +j 0            ,0            , +j 0            ,0            , +j 0            ,0            , +j 0            ,0            , +j 0            ,0            , +j 0            ,0            , +j 0            ,0            , +j 0            ,0            , +j 0            ,0            , +j 0            ,0            , +j 0            ,0            , +j 0            ,0            , +j 0            ,0            , +j 0            ,0            , +j 0            ,0            , +j 0            ,0            , +j 0            ,0            , +j 0            ,0            , +j 0            ,0            , +j 0            ,0            , +j 0            ,
"646.3", 0            , +j 0            ,0            , +j 0            ,0            , +j 0            ,0            , +j 0            ,0            , +j 0            ,0            , +j 0            ,0            , +j 0            ,0            , +j 0            ,0            , +j 0            ,0            , +j 0            ,0            , +j 0            ,0            , +j 0            ,0            , +j 0            ,0            , +j 0            ,0            , +j 0            ,-8.33845024  , +j 6.523998501  ,2.542564571  , +j -0.7405033647,8.351740735  , +j -6.531626069 ,-2.555855066 , +j 0.748130949  ,0            , +j 0            ,0            , +j 0            ,0            , +j 0            ,0            , +j 0            ,0            , +j 0            ,0            , +j 0            ,0            , +j 0            ,0            , +j 0            ,0            , +j 0            ,0            , +j 0            ,0            , +j 0            ,0            , +j 0            ,0            , +j 0            ,0            , +j 0            ,0            , +j 0            ,0            , +j 0            ,0            , +j 0            ,0            , +j 0            ,0            , +j 0            ,0            , +j 0            ,0            , +j 0            ,0            , +j 0            ,
"646.2", 0            , +j 0            ,0            , +j 0            ,0            , +j 0            ,0            , +j 0            ,0            , +j 0            ,0            , +j 0            ,0            , +j 0            ,0            , +j 0            ,0            , +j 0            ,0            , +j 0            ,0            , +j 0            ,0            , +j 0            ,0            , +j 0            ,0            , +j 0            ,0            , +j 0            ,2.542564571  , +j -0.7405033647,-8.380248278 , +j 6.480544555  ,-2.555855066 , +j 0.748130949  ,8.393538774  , +j -6.488172123 ,0            , +j 0            ,0            , +j 0            ,0            , +j 0            ,0            , +j 0            ,0            , +j 0            ,0            , +j 0            ,0            , +j 0            ,0            , +j 0            ,0            , +j 0            ,0            , +j 0            ,0            , +j 0            ,0            , +j 0            ,0            , +j 0            ,0            , +j 0            ,0            , +j 0            ,0            , +j 0            ,0            , +j 0            ,0            , +j 0            ,0            , +j 0            ,0            , +j 0            ,0            , +j 0            ,0            , +j 0            ,
"634.1", 0            , +j 0            ,0            , +j 0            ,0            , +j 0            ,0            , +j 0            ,0            , +j 0            ,0            , +j 0            ,0            , +j 0            ,0            , +j 0            ,0            , +j 0            ,0            , +j 0            ,0            , +j 0            ,0            , +j 0            ,-5.286769772 , +j 9.612308677  ,0            , +j 0            ,0            , +j 0            ,0            , +j 0            ,0            , +j 0            ,0            , +j 0            ,0            , +j 0            ,47.90393247  , +j -84.7402933  ,0            , +j 0            ,0            , +j 0            ,0            , +j 0            ,0            , +j 0            ,0            , +j 0            ,0            , +j 0            ,0            , +j 0            ,0            , +j 0            ,0            , +j 0            ,0            , +j 0            ,0            , +j 0            ,0            , +j 0            ,0            , +j 0            ,0            , +j 0            ,0            , +j 0            ,0            , +j 0            ,0            , +j 0            ,0            , +j 0            ,0            , +j 0            ,0            , +j 0            ,0            , +j 0            ,
"634.2", 0            , +j 0            ,0            , +j 0            ,0            , +j 0            ,0            , +j 0            ,0            , +j 0            ,0            , +j 0            ,0            , +j 0            ,0            , +j 0            ,0            , +j 0            ,0            , +j 0            ,0            , +j 0            ,0            , +j 0            ,0            , +j 0            ,-5.286769772 , +j 9.612308677  ,0            , +j 0            ,0            , +j 0            ,0            , +j 0            ,0            , +j 0            ,0            , +j 0            ,0            , +j 0            ,47.38261719  , +j -84.47963566 ,0            , +j 0            ,0            , +j 0            ,0            , +j 0            ,0            , +j 0            ,0            , +j 0            ,0            , +j 0            ,0            , +j 0            ,0            , +j 0            ,0            , +j 0            ,0            , +j 0            ,0            , +j 0            ,0            , +j 0            ,0            , +j 0            ,0            , +j 0            ,0            , +j 0            ,0            , +j 0            ,0            , +j 0            ,0            , +j 0            ,0            , +j 0            ,0            , +j 0            ,
"634.3", 0            , +j 0            ,0            , +j 0            ,0            , +j 0            ,0            , +j 0            ,0            , +j 0            ,0            , +j 0            ,0            , +j 0            ,0            , +j 0            ,0            , +j 0            ,0            , +j 0            ,0            , +j 0            ,0            , +j 0            ,0            , +j 0            ,0            , +j 0            ,-5.286769772 , +j 9.612308677  ,0            , +j 0            ,0            , +j 0            ,0            , +j 0            ,0            , +j 0            ,0            , +j 0            ,0            , +j 0            ,47.38261719  , +j -84.47963566 ,0            , +j 0            ,0            , +j 0            ,0            , +j 0            ,0            , +j 0            ,0            , +j 0            ,0            , +j 0            ,0            , +j 0            ,0            , +j 0            ,0            , +j 0            ,0            , +j 0            ,0            , +j 0            ,0            , +j 0            ,0            , +j 0            ,0            , +j 0            ,0            , +j 0            ,0            , +j 0            ,0            , +j 0            ,0            , +j 0            ,0            , +j 0            ,
"650.1", -9.283352669 , +j 74.26682135  ,0            , +j 0            ,9.283352669  , +j -74.26682135 ,-1446.180556 , +j 1446.180556  ,0            , +j 0            ,0            , +j 0            ,0            , +j 0            ,0            , +j 0            ,0            , +j 0            ,0            , +j 0            ,0            , +j 0            ,0            , +j 0            ,0            , +j 0            ,0            , +j 0            ,0            , +j 0            ,0            , +j 0            ,0            , +j 0            ,0            , +j 0            ,0            , +j 0            ,0            , +j 0            ,0            , +j 0            ,0            , +j 0            ,1890.678735  , +j -5002.165991 ,0            , +j 0            ,0            , +j 0            ,0            , +j 0            ,0            , +j 0            ,0            , +j 0            ,0            , +j 0            ,0            , +j 0            ,0            , +j 0            ,0            , +j 0            ,0            , +j 0            ,0            , +j 0            ,0            , +j 0            ,0            , +j 0            ,0            , +j 0            ,0            , +j 0            ,0            , +j 0            ,0            , +j 0            ,0            , +j 0            ,
"650.2", 9.283352669  , +j -74.26682135 ,-9.283352669 , +j 74.26682135  ,0            , +j 0            ,0            , +j 0            ,-1446.180556 , +j 1446.180556  ,0            , +j 0            ,0            , +j 0            ,0            , +j 0            ,0            , +j 0            ,0            , +j 0            ,0            , +j 0            ,0            , +j 0            ,0            , +j 0            ,0            , +j 0            ,0            , +j 0            ,0            , +j 0            ,0            , +j 0            ,0            , +j 0            ,0            , +j 0            ,0            , +j 0            ,0            , +j 0            ,0            , +j 0            ,0            , +j 0            ,1890.678735  , +j -5002.165991 ,0            , +j 0            ,0            , +j 0            ,0            , +j 0            ,0            , +j 0            ,0            , +j 0            ,0            , +j 0            ,0            , +j 0            ,0            , +j 0            ,0            , +j 0            ,0            , +j 0            ,0            , +j 0            ,0            , +j 0            ,0            , +j 0            ,0            , +j 0            ,0            , +j 0            ,0            , +j 0            ,0            , +j 0            ,
"650.3", 0            , +j 0            ,9.283352669  , +j -74.26682135 ,-9.283352669 , +j 74.26682135  ,0            , +j 0            ,0            , +j 0            ,-1446.180556 , +j 1446.180556  ,0            , +j 0            ,0            , +j 0            ,0            , +j 0            ,0            , +j 0            ,0            , +j 0            ,0            , +j 0            ,0            , +j 0            ,0            , +j 0            ,0            , +j 0            ,0            , +j 0            ,0            , +j 0            ,0            , +j 0            ,0            , +j 0            ,0            , +j 0            ,0            , +j 0            ,0            , +j 0            ,0            , +j 0            ,0            , +j 0            ,1890.678735  , +j -5002.165991 ,0            , +j 0            ,0            , +j 0            ,0            , +j 0            ,0            , +j 0            ,0            , +j 0            ,0            , +j 0            ,0            , +j 0            ,0            , +j 0            ,0            , +j 0            ,0            , +j 0            ,0            , +j 0            ,0            , +j 0            ,0            , +j 0            ,0            , +j 0            ,0            , +j 0            ,0            , +j 0            ,
"671.1", 0            , +j 0            ,0            , +j 0            ,0            , +j 0            ,0            , +j 0            ,0            , +j 0            ,0            , +j 0            ,0            , +j 0            ,0            , +j 0            ,0            , +j 0            ,0            , +j 0            ,0            , +j 0            ,0            , +j 0            ,0            , +j 0            ,0            , +j 0            ,0            , +j 0            ,0            , +j 0            ,0            , +j 0            ,0            , +j 0            ,0            , +j 0            ,0            , +j 0            ,0            , +j 0            ,0            , +j 0            ,0            , +j 0            ,0            , +j 0            ,0            , +j 0            ,10000011.53  , +j -14.11372376 ,-1.352416303 , +j 2.775830937  ,-3.310756965 , +j 2.867304951  ,-10000000    , +j 0            ,0            , +j 0            ,0            , +j 0            ,0            , +j 0            ,0            , +j 0            ,0            , +j 0            ,-8.33845024  , +j 6.523998501  ,2.542564571  , +j -0.7405033647,0            , +j 0            ,0            , +j 0            ,-3.142295189 , +j 7.564300053  ,1.330169169  , +j -2.763118304 ,0.7459452601 , +j -2.114088957 ,
"671.2", 0            , +j 0            ,0            , +j 0            ,0            , +j 0            ,0            , +j 0            ,0            , +j 0            ,0            , +j 0            ,0            , +j 0            ,0            , +j 0            ,0            , +j 0            ,0            , +j 0            ,0            , +j 0            ,0            , +j 0            ,0            , +j 0            ,0            , +j 0            ,0            , +j 0            ,0            , +j 0            ,0            , +j 0            ,0            , +j 0            ,0            , +j 0            ,0            , +j 0            ,0            , +j 0            ,0            , +j 0            ,0            , +j 0            ,0            , +j 0            ,0            , +j 0            ,-1.352416303 , +j 2.775830937  ,10000002.81  , +j -7.235241878 ,-0.3953952832, +j 1.66598874   ,0            , +j 0            ,-10000000    , +j 0            ,0            , +j 0            ,0            , +j 0            ,0            , +j 0            ,0            , +j 0            ,0            , +j 0            ,0            , +j 0            ,0            , +j 0            ,0            , +j 0            ,1.330169169  , +j -2.763118304 ,-2.764695923 , +j 7.209816652  ,0.3731481493 , +j -1.653276107 ,
"671.3", 0            , +j 0            ,0            , +j 0            ,0            , +j 0            ,0            , +j 0            ,0            , +j 0            ,0            , +j 0            ,0            , +j 0            ,0            , +j 0            ,0            , +j 0            ,0            , +j 0            ,0            , +j 0            ,0            , +j 0            ,0            , +j 0            ,0            , +j 0            ,0            , +j 0            ,0            , +j 0            ,0            , +j 0            ,0            , +j 0            ,0            , +j 0            ,0            , +j 0            ,0            , +j 0            ,0            , +j 0            ,0            , +j 0            ,0            , +j 0            ,0            , +j 0            ,-3.310756965 , +j 2.867304951  ,-0.3953952832, +j 1.66598874   ,10000010.88  , +j -13.33896193 ,0            , +j 0            ,0            , +j 0            ,-10000000    , +j 0            ,0            , +j 0            ,0            , +j 0            ,0            , +j 0            ,2.542564571  , +j -0.7405033647,-8.380248278 , +j 6.480544555  ,0            , +j 0            ,0            , +j 0            ,0.7459452601 , +j -2.114088957 ,0.3731481493 , +j -1.653276107 ,-2.454307421 , +j 6.832992172  ,
"692.1", 0            , +j 0            ,0            , +j 0            ,0            , +j 0            ,0            , +j 0            ,0            , +j 0            ,0            , +j 0            ,0            , +j 0            ,0            , +j 0            ,0            , +j 0            ,0            , +j 0            ,0            , +j 0            ,0            , +j 0            ,0            , +j 0            ,0            , +j 0            ,0            , +j 0            ,0            , +j 0            ,0            , +j 0            ,0            , +j 0            ,0            , +j 0            ,0            , +j 0            ,0            , +j 0            ,0            , +j 0            ,0            , +j 0            ,0            , +j 0            ,0            , +j 0            ,-10000000    , +j 0            ,0            , +j 0            ,0            , +j 0            ,10000010.42  , +j -7.84507338  ,-2.428535277 , +j 3.079311098  ,-1.090745191 , +j 2.501251465  ,-10.41248268 , +j 7.836353592  ,2.428535277  , +j -3.079311098 ,1.080921781  , +j -2.492525966 ,0            , +j 0            ,0            , +j 0            ,0            , +j 0            ,0            , +j 0            ,0            , +j 0            ,0            , +j 0            ,0            , +j 0            ,
"692.2", 0            , +j 0            ,0            , +j 0            ,0            , +j 0            ,0            , +j 0            ,0            , +j 0            ,0            , +j 0            ,0            , +j 0            ,0            , +j 0            ,0            , +j 0            ,0            , +j 0            ,0            , +j 0            ,0            , +j 0            ,0            , +j 0            ,0            , +j 0            ,0            , +j 0            ,0            , +j 0            ,0            , +j 0            ,0            , +j 0            ,0            , +j 0            ,0            , +j 0            ,0            , +j 0            ,0            , +j 0            ,0            , +j 0            ,0            , +j 0            ,0            , +j 0            ,0            , +j 0            ,-10000000    , +j 0            ,0            , +j 0            ,-2.428535277 , +j 3.079311098  ,10000011.55  , +j -8.197209563 ,-2.428535277 , +j 3.079311098  ,2.428535277  , +j -3.079311098 ,-11.54642947 , +j 8.197215275  ,2.428535277  , +j -3.079311098 ,0            , +j 0            ,0            , +j 0            ,0            , +j 0            ,0            , +j 0            ,0            , +j 0            ,0            , +j 0            ,0            , +j 0            ,
"692.3", 0            , +j 0            ,0            , +j 0            ,0            , +j 0            ,0            , +j 0            ,0            , +j 0            ,0            , +j 0            ,0            , +j 0            ,0            , +j 0            ,0            , +j 0            ,0            , +j 0            ,0            , +j 0            ,0            , +j 0            ,0            , +j 0            ,0            , +j 0            ,0            , +j 0            ,0            , +j 0            ,0            , +j 0            ,0            , +j 0            ,0            , +j 0            ,0            , +j 0            ,0            , +j 0            ,0            , +j 0            ,0            , +j 0            ,0            , +j 0            ,0            , +j 0            ,0            , +j 0            ,0            , +j 0            ,-10000000    , +j 0            ,-1.090745191 , +j 2.501251465  ,-2.428535277 , +j 3.079311098  ,10000010.42  , +j -7.84507338  ,1.080921781  , +j -2.492525966 ,2.428535277  , +j -3.079311098 ,-10.41248268 , +j 7.836353592  ,0            , +j 0            ,0            , +j 0            ,0            , +j 0            ,0            , +j 0            ,0            , +j 0            ,0            , +j 0            ,0            , +j 0            ,
"675.1", 0            , +j 0            ,0            , +j 0            ,0            , +j 0            ,0            , +j 0            ,0            , +j 0            ,0            , +j 0            ,0            , +j 0            ,0            , +j 0            ,0            , +j 0            ,0            , +j 0            ,0            , +j 0            ,0            , +j 0            ,0            , +j 0            ,0            , +j 0            ,0            , +j 0            ,0            , +j 0            ,0            , +j 0            ,0            , +j 0            ,0            , +j 0            ,0            , +j 0            ,0            , +j 0            ,0            , +j 0            ,0            , +j 0            ,0            , +j 0            ,0            , +j 0            ,0            , +j 0            ,0            , +j 0            ,0            , +j 0            ,-10.41248268 , +j 7.836353592  ,2.428535277  , +j -3.079311098 ,1.080921781  , +j -2.492525966 ,10.49668407  , +j -7.834663134 ,-2.428535277 , +j 3.079311098  ,-1.080921781 , +j 2.492525966  ,0            , +j 0            ,0            , +j 0            ,0            , +j 0            ,0            , +j 0            ,0            , +j 0            ,0            , +j 0            ,0            , +j 0            ,
"675.2", 0            , +j 0            ,0            , +j 0            ,0            , +j 0            ,0            , +j 0            ,0            , +j 0            ,0            , +j 0            ,0            , +j 0            ,0            , +j 0            ,0            , +j 0            ,0            , +j 0            ,0            , +j 0            ,0            , +j 0            ,0            , +j 0            ,0            , +j 0            ,0            , +j 0            ,0            , +j 0            ,0            , +j 0            ,0            , +j 0            ,0            , +j 0            ,0            , +j 0            ,0            , +j 0            ,0            , +j 0            ,0            , +j 0            ,0            , +j 0            ,0            , +j 0            ,0            , +j 0            ,0            , +j 0            ,0            , +j 0            ,2.428535277  , +j -3.079311098 ,-11.54642947 , +j 8.197215275  ,2.428535277  , +j -3.079311098 ,-2.428535277 , +j 3.079311098  ,11.55823502  , +j -8.172955372 ,-2.428535277 , +j 3.079311098  ,0            , +j 0            ,0            , +j 0            ,0            , +j 0            ,0            , +j 0            ,0            , +j 0            ,0            , +j 0            ,0            , +j 0            ,
"675.3", 0            , +j 0            ,0            , +j 0            ,0            , +j 0            ,0            , +j 0            ,0            , +j 0            ,0            , +j 0            ,0            , +j 0            ,0            , +j 0            ,0            , +j 0            ,0            , +j 0            ,0            , +j 0            ,0            , +j 0            ,0            , +j 0            ,0            , +j 0            ,0            , +j 0            ,0            , +j 0            ,0            , +j 0            ,0            , +j 0            ,0            , +j 0            ,0            , +j 0            ,0            , +j 0            ,0            , +j 0            ,0            , +j 0            ,0            , +j 0            ,0            , +j 0            ,0            , +j 0            ,0            , +j 0            ,0            , +j 0            ,1.080921781  , +j -2.492525966 ,2.428535277  , +j -3.079311098 ,-10.41248268 , +j 7.836353592  ,-1.080921781 , +j 2.492525966  ,-2.428535277 , +j 3.079311098  ,10.46282991  , +j -7.838482579 ,0            , +j 0            ,0            , +j 0            ,0            , +j 0            ,0            , +j 0            ,0            , +j 0            ,0            , +j 0            ,0            , +j 0            ,
"684.1", 0            , +j 0            ,0            , +j 0            ,0            , +j 0            ,0            , +j 0            ,0            , +j 0            ,0            , +j 0            ,0            , +j 0            ,0            , +j 0            ,0            , +j 0            ,0            , +j 0            ,0            , +j 0            ,0            , +j 0            ,0            , +j 0            ,0            , +j 0            ,0            , +j 0            ,0            , +j 0            ,0            , +j 0            ,0            , +j 0            ,0            , +j 0            ,0            , +j 0            ,0            , +j 0            ,0            , +j 0            ,0            , +j 0            ,0            , +j 0            ,0            , +j 0            ,-8.33845024  , +j 6.523998501  ,0            , +j 0            ,2.542564571  , +j -0.7405033647,0            , +j 0            ,0            , +j 0            ,0            , +j 0            ,0            , +j 0            ,0            , +j 0            ,0            , +j 0            ,12.80767589  , +j -7.954509448 ,-2.542564571 , +j 0.7405033602 ,-4.46922565  , +j 1.430516585  ,0            , +j 0            ,0            , +j 0            ,0            , +j 0            ,0            , +j 0            ,
"684.3", 0            , +j 0            ,0            , +j 0            ,0            , +j 0            ,0            , +j 0            ,0            , +j 0            ,0            , +j 0            ,0            , +j 0            ,0            , +j 0            ,0            , +j 0            ,0            , +j 0            ,0            , +j 0            ,0            , +j 0            ,0            , +j 0            ,0            , +j 0            ,0            , +j 0            ,0            , +j 0            ,0            , +j 0            ,0            , +j 0            ,0            , +j 0            ,0            , +j 0            ,0            , +j 0            ,0            , +j 0            ,0            , +j 0            ,0            , +j 0            ,0            , +j 0            ,2.542564571  , +j -0.7405033647,0            , +j 0            ,-8.380248278 , +j 6.480544555  ,0            , +j 0            ,0            , +j 0            ,0            , +j 0            ,0            , +j 0            ,0            , +j 0            ,0            , +j 0            ,-2.542564571 , +j 0.7405033602 ,16.09950226  , +j -13.02677849 ,0            , +j 0            ,-7.719253977 , +j 6.546233978  ,0            , +j 0            ,0            , +j 0            ,0            , +j 0            ,
"652.1", 0            , +j 0            ,0            , +j 0            ,0            , +j 0            ,0            , +j 0            ,0            , +j 0            ,0            , +j 0            ,0            , +j 0            ,0            , +j 0            ,0            , +j 0            ,0            , +j 0            ,0            , +j 0            ,0            , +j 0            ,0            , +j 0            ,0            , +j 0            ,0            , +j 0            ,0            , +j 0            ,0            , +j 0            ,0            , +j 0            ,0            , +j 0            ,0            , +j 0            ,0            , +j 0            ,0            , +j 0            ,0            , +j 0            ,0            , +j 0            ,0            , +j 0            ,0            , +j 0            ,0            , +j 0            ,0            , +j 0            ,0            , +j 0            ,0            , +j 0            ,0            , +j 0            ,0            , +j 0            ,0            , +j 0            ,0            , +j 0            ,-4.46922565  , +j 1.430516585  ,0            , +j 0            ,4.491447872  , +j -1.445441523 ,0            , +j 0            ,0            , +j 0            ,0            , +j 0            ,0            , +j 0            ,
"611.3", 0            , +j 0            ,0            , +j 0            ,0            , +j 0            ,0            , +j 0            ,0            , +j 0            ,0            , +j 0            ,0            , +j 0            ,0            , +j 0            ,0            , +j 0            ,0            , +j 0            ,0            , +j 0            ,0            , +j 0            ,0            , +j 0            ,0            , +j 0            ,0            , +j 0            ,0            , +j 0            ,0            , +j 0            ,0            , +j 0            ,0            , +j 0            ,0            , +j 0            ,0            , +j 0            ,0            , +j 0            ,0            , +j 0            ,0            , +j 0            ,0            , +j 0            ,0            , +j 0            ,0            , +j 0            ,0            , +j 0            ,0            , +j 0            ,0            , +j 0            ,0            , +j 0            ,0            , +j 0            ,0            , +j 0            ,0            , +j 0            ,0            , +j 0            ,-7.719253977 , +j 6.546233978  ,0            , +j 0            ,7.748767866  , +j -6.542761735 ,0            , +j 0            ,0            , +j 0            ,0            , +j 0            ,
"680.1", 0            , +j 0            ,0            , +j 0            ,0            , +j 0            ,0            , +j 0            ,0            , +j 0            ,0            , +j 0            ,0            , +j 0            ,0            , +j 0            ,0            , +j 0            ,0            , +j 0            ,0            , +j 0            ,0            , +j 0            ,0            , +j 0            ,0            , +j 0            ,0            , +j 0            ,0            , +j 0            ,0            , +j 0            ,0            , +j 0            ,0            , +j 0            ,0            , +j 0            ,0            , +j 0            ,0            , +j 0            ,0            , +j 0            ,0            , +j 0            ,0            , +j 0            ,-3.142295189 , +j 7.564300053  ,1.330169169  , +j -2.763118304 ,0.7459452601 , +j -2.114088957 ,0            , +j 0            ,0            , +j 0            ,0            , +j 0            ,0            , +j 0            ,0            , +j 0            ,0            , +j 0            ,0            , +j 0            ,0            , +j 0            ,0            , +j 0            ,0            , +j 0            ,3.142295189  , +j -7.564299984 ,-1.330169169 , +j 2.763118289  ,-0.7459452601, +j 2.114088943  ,
"680.2", 0            , +j 0            ,0            , +j 0            ,0            , +j 0            ,0            , +j 0            ,0            , +j 0            ,0            , +j 0            ,0            , +j 0            ,0            , +j 0            ,0            , +j 0            ,0            , +j 0            ,0            , +j 0            ,0            , +j 0            ,0            , +j 0            ,0            , +j 0            ,0            , +j 0            ,0            , +j 0            ,0            , +j 0            ,0            , +j 0            ,0            , +j 0            ,0            , +j 0            ,0            , +j 0            ,0            , +j 0            ,0            , +j 0            ,0            , +j 0            ,0            , +j 0            ,1.330169169  , +j -2.763118304 ,-2.764695923 , +j 7.209816652  ,0.3731481493 , +j -1.653276107 ,0            , +j 0            ,0            , +j 0            ,0            , +j 0            ,0            , +j 0            ,0            , +j 0            ,0            , +j 0            ,0            , +j 0            ,0            , +j 0            ,0            , +j 0            ,0            , +j 0            ,-1.330169169 , +j 2.763118289  ,2.764695923  , +j -7.209816582 ,-0.3731481493, +j 1.653276093  ,
"680.3", 0            , +j 0            ,0            , +j 0            ,0            , +j 0            ,0            , +j 0            ,0            , +j 0            ,0            , +j 0            ,0            , +j 0            ,0            , +j 0            ,0            , +j 0            ,0            , +j 0            ,0            , +j 0            ,0            , +j 0            ,0            , +j 0            ,0            , +j 0            ,0            , +j 0            ,0            , +j 0            ,0            , +j 0            ,0            , +j 0            ,0            , +j 0            ,0            , +j 0            ,0            , +j 0            ,0            , +j 0            ,0            , +j 0            ,0            , +j 0            ,0            , +j 0            ,0.7459452601 , +j -2.114088957 ,0.3731481493 , +j -1.653276107 ,-2.454307421 , +j 6.832992172  ,0            , +j 0            ,0            , +j 0            ,0            , +j 0            ,0            , +j 0            ,0            , +j 0            ,0            , +j 0            ,0            , +j 0            ,0            , +j 0            ,0            , +j 0            ,0            , +j 0            ,-0.7459452601, +j 2.114088943  ,-0.3731481493, +j 1.653276093  ,2.454307421  , +j -6.832992102 ,
